,"['Bacterial_spot', 'Healthy']",imagenet,cifar100,"['chairs', 'hot dog', 'ice cream', 'ladders', 'tables']",poolrf2001/facemask,"['idli', 'kachori', 'pani puri', 'samosa', 'vada pav']",eurosat,"['bee', 'hoverfly', 'wasp']","['Beach', 'City', 'Forest']","['bathroom', 'bedroom', 'dining room', 'kitchen', 'living room']","['corgi', 'samoyed', 'shiba inu']","['clover', 'dichondra', 'grass']",Matthijs/snacks,"['blue whale', 'dolphin', 'orca whale']","['cotton candy', 'hamburger', 'hot dog', 'nachos', 'popcorn']","['buldog', 'golden', 'pug']","['karanfil', 'leylak', 'menekse', 'nergis', 'zambak']",stanfordcars,"['London', 'New York', 'Tokyo']","['Husky siberiano', 'cocker spaniel', 'galgo', 'labrador', 'pastor aleman']",cifar10,"['cucumber', 'green beans', 'okra', 'pickle', 'zucinni']",cats_vs_dogs,"['Big Check shirt', 'Formal Shirt', 'casual shirt', 'denim shirt']","['best kitchen island', 'kitchen cabinet', 'kitchen countertop']","['Bulldog', 'German Shepherd Dog', 'Golden Retriever Dog', 'Shiba Inu Dog']","['Cooling tower', 'Transmission grid', 'Wind turbines']","['dark skin', 'light skin']","['damaged road', 'good road']",chest_xray_classification,food101,"['beer', 'wine']","['beer', 'whisky', 'wine']","['alpaca', 'guanaco', 'llama', 'vicuna']","['bunny', 'moon', 'sun', 'tiger']","['apple', 'banana', 'grape', 'kiwi', 'lemon']","['apple', 'banana', 'mango', 'orange', 'tomato']","['dosa', 'idli', 'naan', 'samosa', 'vada']","['computer mouse', 'desktop', 'keyboard', 'laptop', 'monitor']","['golden retriever', 'great dane', 'husky']","['upside_down', 'original']","['italy soccer fan', 'spain soccer fan']","['aragorn', 'frodo', 'gandalf', 'gollum', 'legolas']","['drone', 'fighter', 'uav']",beans,"['chocolate ice cream', 'vanilla ice cream']","['hot dog', 'not hot dog']","['dingo', 'koala', 'kookaburra', 'possum', 'tasmanian devil']","['dog drinking water', 'dog eating food', 'dog playing toy', 'dog sleeping']","['african pygmy goat', 'nigerian dwarf goat']","['arc de triomphe', 'big ben', 'la sagrada familia', 'leaning tower of pisa', 'taj mahal']","['cake', 'cookie', 'pie']","['denver', 'new york city', 'paris']","['bernese mountain dog', 'husky', 'saint bernard']","['bagel', 'donut']","['cheetah', 'elephant', 'giraffe', 'rhino']","['corgi', 'husky', 'shibu inu']","['pasta', 'pizza', 'ravioli']","['automobiles', 'planes', 'trains']","['corgi', 'husky', 'samoyed', 'shiba inu']",pets,flowers,caltech101,kitti,dtd,diabetic_retinopathy_detection,smallnorb_label_elevation,smallnorb_label_azimuth,svhn
"['Bacterial_spot', 'Healthy']",0.0,5.329507827758789,6.356032371520996,8.391728401184082,8.529919624328613,6.2219929695129395,8.775422096252441,8.285840034484863,6.800297737121582,7.404510021209717,8.661931991577148,7.4819817543029785,6.692696571350098,9.159549713134766,6.736413478851318,6.85703706741333,6.72030782699585,8.737909317016602,7.690009593963623,7.364038467407227,6.846319198608398,6.834607124328613,7.180629730224609,6.738503456115723,8.710176467895508,8.147761344909668,7.069588661193848,7.090641021728516,7.7975239753723145,11.915976524353027,7.088946342468262,7.532658576965332,7.360694885253906,9.307915687561035,6.6219401359558105,7.092396259307861,6.837869167327881,6.055853366851807,7.272961139678955,7.387328624725342,5.914980411529541,6.988394737243652,6.199692726135254,7.631850242614746,9.932906150817871,8.677032470703125,7.610572338104248,6.319996356964111,6.264095783233643,8.569390296936035,7.8347601890563965,7.354322910308838,7.327791690826416,7.232397556304932,7.40665340423584,7.7151899337768555,8.66798210144043,7.4424357414245605,6.970669746398926,8.325651168823242,6.292704105377197,6.172273635864258,5.514066219329834,8.6575288772583,5.98570442199707,11.341531753540039,8.030536651611328,8.059284210205078,8.985184669494629
imagenet,5.329507827758789,0.0,5.578774929046631,7.697580814361572,7.914031028747559,5.229342937469482,7.901923656463623,7.58681583404541,5.815890789031982,6.446617126464844,7.6007585525512695,6.554487705230713,5.713048458099365,8.412083625793457,5.791959762573242,5.823470115661621,5.71159553527832,7.938704967498779,6.714457988739014,6.369045734405518,5.930638790130615,5.671942234039307,6.413487911224365,5.8601861000061035,8.366715431213379,7.061844348907471,6.409900665283203,6.165338516235352,7.023226737976074,11.19703483581543,6.0395097732543945,6.601336479187012,6.559961795806885,8.700819969177246,5.3768630027771,6.364554405212402,5.959227085113525,4.8715128898620605,6.439024448394775,6.92069673538208,4.745307922363281,5.989797592163086,5.3599090576171875,6.873635292053223,9.104411125183105,8.090553283691406,6.542671203613281,5.24441385269165,5.083532333374023,7.847493648529053,7.368645668029785,6.418164253234863,6.560080528259277,6.360065460205078,6.861962795257568,7.372549533843994,7.927886009216309,6.5711870193481445,6.263991832733154,7.762199878692627,5.482969760894775,5.4667158126831055,4.133963108062744,8.229416847229004,4.989237308502197,10.525275230407715,7.26711368560791,7.391496658325195,8.425853729248047
cifar100,6.356032371520996,5.578774929046631,0.0,8.43187427520752,8.299818992614746,6.5475382804870605,8.38442325592041,8.170671463012695,6.803481578826904,7.215785026550293,8.499991416931152,7.331656455993652,6.621902942657471,9.498139381408691,6.7868571281433105,7.089733123779297,6.723594665527344,8.647610664367676,7.728962421417236,7.153818130493164,6.761212348937988,7.10013484954834,7.050061225891113,6.804030895233154,8.768231391906738,8.13963508605957,7.289762020111084,7.2829813957214355,7.958122253417969,11.739113807678223,6.975400447845459,7.550565242767334,7.46646785736084,9.382560729980469,6.618699550628662,7.415337085723877,6.973719596862793,6.251403331756592,7.449003219604492,7.6004719734191895,5.847764015197754,7.1519904136657715,6.461144924163818,7.6464643478393555,10.207611083984375,8.740277290344238,7.457629680633545,6.444522380828857,6.426474571228027,8.722719192504883,8.106383323669434,7.367515563964844,7.446263790130615,7.435110569000244,7.688564300537109,8.190803527832031,8.484505653381348,7.412042140960693,6.989576816558838,8.276928901672363,6.232218265533447,6.483140468597412,5.562036037445068,8.931312561035156,6.028748512268066,10.909740447998047,7.887986183166504,8.066326141357422,9.187287330627441
"['chairs', 'hot dog', 'ice cream', 'ladders', 'tables']",8.391728401184082,7.697580814361572,8.43187427520752,0.0,9.914718627929688,8.111225128173828,10.45788860321045,9.89354133605957,8.790738105773926,8.987175941467285,10.313632011413574,9.171880722045898,8.591245651245117,10.697807312011719,8.550869941711426,8.72256851196289,8.689196586608887,10.263092041015625,9.46921443939209,8.738554954528809,8.36821460723877,8.619913101196289,9.228310585021973,8.981010437011719,10.625016212463379,9.434009552001953,9.24024486541748,8.763266563415527,9.212942123413086,12.944433212280273,8.655929565429688,9.372836112976074,9.12948989868164,10.767208099365234,8.14018726348877,9.171518325805664,8.510843276977539,8.099531173706055,8.971663475036621,9.319576263427734,7.951126575469971,8.995597839355469,8.271510124206543,9.177271842956543,11.651774406433105,10.3405122756958,9.19827651977539,8.387927055358887,7.878218650817871,10.182188034057617,9.649871826171875,9.308525085449219,9.137826919555664,9.373522758483887,9.429793357849121,9.731413841247559,9.797658920288086,9.473982810974121,8.671229362487793,9.882591247558594,8.099569320678711,8.478113174438477,7.537649631500244,10.383528709411621,8.013466835021973,12.151907920837402,9.839922904968262,9.925997734069824,10.833854675292969
poolrf2001/facemask,8.529919624328613,7.914031028747559,8.299818992614746,9.914718627929688,0.0,8.168877601623535,10.475518226623535,10.25757122039795,9.006458282470703,9.261031150817871,10.052311897277832,8.806496620178223,8.336753845214844,10.819842338562012,8.923676490783691,8.885042190551758,8.544255256652832,10.399649620056152,9.394936561584473,9.206672668457031,9.229314804077148,8.8847017288208,9.257946014404297,8.762633323669434,10.471738815307617,9.91332721710205,9.286215782165527,9.276650428771973,9.986937522888184,12.924830436706543,8.916666030883789,9.262711524963379,9.499311447143555,10.900958061218262,8.459005355834961,9.241600036621094,9.000360488891602,8.030694961547852,8.983593940734863,9.530719757080078,8.18559741973877,9.02025318145752,8.473541259765625,9.233842849731445,11.458428382873535,10.41427230834961,9.338363647460938,8.357539176940918,8.567020416259766,10.583159446716309,9.935598373413086,9.283403396606445,9.280545234680176,9.338736534118652,9.472434043884277,9.560235977172852,10.411528587341309,9.552081108093262,9.09213924407959,9.908723831176758,8.509523391723633,8.434527397155762,7.92574405670166,10.751798629760742,8.171603202819824,12.488424301147461,9.739178657531738,9.941166877746582,10.953125
"['idli', 'kachori', 'pani puri', 'samosa', 'vada pav']",6.2219929695129395,5.229342937469482,6.5475382804870605,8.111225128173828,8.168877601623535,0.0,8.619673728942871,7.912664890289307,6.57374906539917,7.250092506408691,8.379655838012695,6.912115573883057,6.489408016204834,9.214798927307129,6.628387928009033,6.7338409423828125,6.765875339508057,8.550137519836426,7.7004523277282715,7.089112758636475,6.475718021392822,6.514563083648682,7.258604526519775,6.6656622886657715,8.839376449584961,7.892570972442627,7.258355617523193,6.945998191833496,7.7190937995910645,11.952010154724121,6.842562675476074,7.286671161651611,7.4244537353515625,9.288405418395996,6.259897708892822,7.0589375495910645,6.594527721405029,5.844740867614746,7.157808780670166,7.41204833984375,5.686465740203857,6.898599147796631,6.0817108154296875,7.461843967437744,9.773499488830566,8.56674575805664,7.34660530090332,6.150081634521484,6.095405578613281,8.689085006713867,8.005291938781738,7.142210483551025,7.207484722137451,7.434256553649902,7.413704872131348,7.741196155548096,8.45102596282959,7.317321300506592,6.8857340812683105,8.300562858581543,6.286434173583984,6.305507659912109,5.217129230499268,8.868351936340332,5.971393585205078,11.024245262145996,7.920342922210693,8.088586807250977,9.20256233215332
eurosat,8.775422096252441,7.901923656463623,8.38442325592041,10.45788860321045,10.475518226623535,8.619673728942871,0.0,10.21934986114502,8.84780502319336,9.490987777709961,10.294486999511719,9.096355438232422,8.829010009765625,10.904003143310547,9.198335647583008,9.190220832824707,8.832894325256348,10.379504203796387,9.473854064941406,9.156511306762695,8.959687232971191,8.835721969604492,9.263245582580566,8.69768238067627,10.388378143310547,9.80827808380127,9.20673942565918,9.179254531860352,9.943249702453613,13.013214111328125,8.936202049255371,9.50093936920166,9.297486305236816,10.896917343139648,8.855487823486328,9.176433563232422,9.044465065002441,8.538508415222168,9.680642127990723,9.372501373291016,8.239590644836426,9.26037883758545,8.506101608276367,9.581920623779297,11.115534782409668,10.82691478729248,9.513163566589355,8.698980331420898,8.45358943939209,10.566971778869629,10.039108276367188,9.290196418762207,9.34844970703125,9.433636665344238,9.54073429107666,10.113621711730957,10.04366397857666,10.003730773925781,9.1702241897583,10.269479751586914,8.587937355041504,8.66125202178955,8.032621383666992,10.401535034179688,8.459137916564941,12.552070617675781,9.67332649230957,10.07882308959961,11.117488861083984
"['bee', 'hoverfly', 'wasp']",8.285840034484863,7.58681583404541,8.170671463012695,9.89354133605957,10.25757122039795,7.912664890289307,10.21934986114502,0.0,8.77334976196289,8.867447853088379,10.237008094787598,9.004199028015137,8.656425476074219,10.510759353637695,8.682061195373535,8.484793663024902,8.716730117797852,10.136675834655762,9.516765594482422,8.862940788269043,9.057241439819336,8.69875717163086,9.072909355163574,8.485735893249512,10.313692092895508,9.59709358215332,9.09959602355957,8.679442405700684,9.311385154724121,12.978926658630371,8.896988868713379,9.238251686096191,9.0658597946167,10.463315963745117,8.328757286071777,8.921629905700684,8.697918891906738,8.134357452392578,9.201584815979004,9.23552417755127,8.078926086425781,8.769964218139648,8.10700798034668,9.578442573547363,11.226289749145508,10.327518463134766,9.17778491973877,8.180992126464844,8.19646167755127,10.279437065124512,9.83248519897461,8.807156562805176,8.999735832214355,9.46690845489502,9.45711612701416,9.592592239379883,10.147021293640137,9.032309532165527,8.603791236877441,10.082043647766113,8.102771759033203,8.306642532348633,7.457870960235596,10.214548110961914,8.188785552978516,12.116281509399414,9.572247505187988,9.950210571289062,10.49354362487793
"['Beach', 'City', 'Forest']",6.800297737121582,5.815890789031982,6.803481578826904,8.790738105773926,9.006458282470703,6.57374906539917,8.84780502319336,8.77334976196289,0.0,7.675777912139893,8.951080322265625,7.698243618011475,6.909329891204834,9.82472038269043,7.37658166885376,7.379664897918701,7.238025665283203,8.81888198852539,8.024065017700195,7.703132629394531,7.0783610343933105,7.37681770324707,8.032533645629883,7.134317398071289,9.363113403320312,8.312196731567383,7.722528457641602,7.729469299316406,8.314397811889648,11.816876411437988,7.613121509552002,7.9575018882751465,7.986664772033691,9.599529266357422,7.284432411193848,7.750833511352539,7.282277584075928,6.3693366050720215,7.779144763946533,8.150494575500488,6.315638542175293,7.214437007904053,6.733346462249756,8.032990455627441,10.168628692626953,9.214808464050293,8.0214204788208,7.022467613220215,6.9160895347595215,8.996553421020508,8.170252799987793,7.651617527008057,7.755340099334717,7.702235221862793,7.801401615142822,8.489606857299805,9.196033477783203,7.877568244934082,7.446486949920654,9.090668678283691,6.68458366394043,7.112470626831055,5.859956741333008,9.12686824798584,6.418052673339844,11.514103889465332,8.590011596679688,8.654623031616211,9.574267387390137
"['bathroom', 'bedroom', 'dining room', 'kitchen', 'living room']",7.404510021209717,6.446617126464844,7.215785026550293,8.987175941467285,9.261031150817871,7.250092506408691,9.490987777709961,8.867447853088379,7.675777912139893,0.0,8.912140846252441,8.267450332641602,7.690264701843262,10.07588005065918,7.710016250610352,7.822332859039307,7.629737377166748,9.148470878601074,8.426270484924316,8.202535629272461,7.645703315734863,7.677150249481201,7.9093852043151855,7.7464375495910645,9.704174995422363,8.716092109680176,8.060100555419922,7.91956901550293,8.418188095092773,12.27198314666748,8.084912300109863,8.384281158447266,8.247373580932617,9.75306224822998,7.275764465332031,8.055777549743652,7.724947452545166,7.330420970916748,8.0453519821167,8.338923454284668,6.822474002838135,8.14332389831543,7.376486778259277,8.447348594665527,10.720684051513672,9.308859825134277,8.453449249267578,7.482092380523682,7.167492389678955,9.49029541015625,8.989466667175293,8.482837677001953,8.04250431060791,8.303009033203125,8.507412910461426,9.096109390258789,9.226175308227539,8.34900188446045,7.983402729034424,8.946196556091309,7.268273830413818,7.4241623878479,6.342179298400879,9.882696151733398,6.926835060119629,11.54762077331543,8.792268753051758,8.585756301879883,9.846210479736328
"['corgi', 'samoyed', 'shiba inu']",8.661931991577148,7.6007585525512695,8.499991416931152,10.313632011413574,10.052311897277832,8.379655838012695,10.294486999511719,10.237008094787598,8.951080322265625,8.912140846252441,0.0,9.300485610961914,8.821457862854004,10.480066299438477,8.353231430053711,9.232691764831543,8.64101505279541,10.260659217834473,9.501498222351074,9.3600492477417,8.742043495178223,8.708873748779297,8.955275535583496,8.814651489257812,10.827367782592773,9.837839126586914,9.2894926071167,8.886322975158691,9.862520217895508,12.846074104309082,8.9990234375,9.253378868103027,8.959312438964844,10.577790260314941,8.608917236328125,9.120870590209961,8.77730655670166,8.314704895019531,9.481049537658691,9.28739070892334,8.030559539794922,8.7300443649292,8.360251426696777,9.637042999267578,11.066638946533203,10.684350967407227,9.0845308303833,8.443376541137695,8.210124969482422,10.431724548339844,9.839974403381348,9.171815872192383,9.670263290405273,9.065824508666992,9.257474899291992,10.172102928161621,9.963930130004883,9.42269229888916,8.801528930664062,9.776108741760254,8.597267150878906,8.418621063232422,7.8320817947387695,10.543097496032715,8.215275764465332,12.19045639038086,9.904083251953125,10.069350242614746,10.468066215515137
"['clover', 'dichondra', 'grass']",7.4819817543029785,6.554487705230713,7.331656455993652,9.171880722045898,8.806496620178223,6.912115573883057,9.096355438232422,9.004199028015137,7.698243618011475,8.267450332641602,9.300485610961914,0.0,7.830702304840088,9.910874366760254,7.6312785148620605,7.719897270202637,7.6708083152771,9.485443115234375,8.947053909301758,7.9409613609313965,7.780929088592529,7.73431396484375,8.232791900634766,7.768831253051758,9.843392372131348,8.94939136505127,7.851183891296387,7.936840057373047,8.830965995788574,12.070452690124512,7.832241535186768,8.449975967407227,8.130660057067871,9.75948429107666,7.356906890869141,7.978718280792236,7.775854587554932,7.152044773101807,8.250072479248047,8.338908195495605,6.776708126068115,7.694005012512207,7.4122138023376465,8.318790435791016,10.667581558227539,9.232916831970215,8.326205253601074,7.410272598266602,7.437809467315674,9.715509414672852,8.946975708007812,8.185966491699219,8.469466209411621,8.128822326660156,8.490337371826172,8.616646766662598,9.410964965820312,8.606825828552246,7.902688503265381,9.048942565917969,7.275849342346191,7.111344814300537,6.630957126617432,9.762580871582031,6.959179878234863,11.491085052490234,8.782977104187012,8.929333686828613,10.024205207824707
Matthijs/snacks,6.692696571350098,5.713048458099365,6.621902942657471,8.591245651245117,8.336753845214844,6.489408016204834,8.829010009765625,8.656425476074219,6.909329891204834,7.690264701843262,8.821457862854004,7.830702304840088,0.0,9.489831924438477,6.907028675079346,7.110097885131836,6.8690185546875,8.780909538269043,7.955779552459717,7.518176555633545,7.111283779144287,7.254392623901367,7.515508651733398,7.011176109313965,9.255472183227539,8.47067928314209,7.410405158996582,7.302302837371826,8.19137954711914,11.659433364868164,7.301748275756836,7.726929187774658,7.7664899826049805,9.350678443908691,7.0712432861328125,7.393580913543701,6.886551380157471,6.288341045379639,7.652467727661133,7.781305313110352,6.054109573364258,7.1102190017700195,6.451824188232422,7.802241802215576,9.937771797180176,8.726078987121582,7.596118927001953,6.780534267425537,6.468505382537842,8.981035232543945,8.509950637817383,7.5701680183410645,7.804196834564209,7.5628342628479,7.854243278503418,8.305477142333984,8.781062126159668,7.9728875160217285,7.2159318923950195,8.586273193359375,6.631672382354736,6.709095478057861,5.784875869750977,9.35112190246582,6.254119396209717,11.141310691833496,8.34371280670166,8.268389701843262,9.271162986755371
"['blue whale', 'dolphin', 'orca whale']",9.159549713134766,8.412083625793457,9.498139381408691,10.697807312011719,10.819842338562012,9.214798927307129,10.904003143310547,10.510759353637695,9.82472038269043,10.07588005065918,10.480066299438477,9.910874366760254,9.489831924438477,0.0,9.230618476867676,9.449606895446777,9.257634162902832,10.749537467956543,10.359827995300293,9.88326358795166,9.539027214050293,9.179515838623047,9.847972869873047,9.426444053649902,11.038361549377441,10.296520233154297,10.148507118225098,9.842263221740723,10.600447654724121,13.4762544631958,9.884754180908203,9.981017112731934,9.842239379882812,11.658904075622559,9.521939277648926,9.473857879638672,9.536748886108398,9.105624198913574,9.896604537963867,9.927593231201172,8.670675277709961,9.484527587890625,9.262927055358887,10.226337432861328,11.637626647949219,11.187249183654785,10.142727851867676,9.131704330444336,9.176756858825684,10.873310089111328,10.432175636291504,9.488588333129883,10.120840072631836,9.953906059265137,10.3607759475708,10.46291446685791,10.710277557373047,10.101985931396484,9.764747619628906,10.895862579345703,9.09952163696289,9.049398422241211,8.438812255859375,11.137496948242188,8.900914192199707,12.431292533874512,10.384735107421875,10.13766860961914,11.399041175842285
"['cotton candy', 'hamburger', 'hot dog', 'nachos', 'popcorn']",6.736413478851318,5.791959762573242,6.7868571281433105,8.550869941711426,8.923676490783691,6.628387928009033,9.198335647583008,8.682061195373535,7.37658166885376,7.710016250610352,8.353231430053711,7.6312785148620605,6.907028675079346,9.230618476867676,0.0,7.174993991851807,6.956500053405762,8.7116117477417,7.893383979797363,7.641753196716309,7.263803958892822,7.402804374694824,7.606926918029785,7.358255386352539,8.876261711120605,8.310369491577148,7.7320556640625,7.555995464324951,8.202500343322754,12.159419059753418,7.46412467956543,7.938393592834473,7.397950172424316,9.168846130371094,6.962698936462402,7.537325859069824,7.39055061340332,6.484622478485107,7.864694595336914,7.824589252471924,6.122982501983643,7.375519752502441,6.5846686363220215,7.861582279205322,10.087870597839355,9.147895812988281,7.656768321990967,6.592711925506592,6.858499050140381,9.15360164642334,8.490336418151855,7.617510795593262,7.932697772979736,7.766117095947266,8.290875434875488,8.482793807983398,8.696324348449707,7.8855366706848145,7.461023807525635,8.597627639770508,6.54987907409668,7.079854488372803,5.810773849487305,9.247845649719238,6.589831352233887,11.153576850891113,8.102523803710938,8.482194900512695,9.52206039428711
"['buldog', 'golden', 'pug']",6.85703706741333,5.823470115661621,7.089733123779297,8.72256851196289,8.885042190551758,6.7338409423828125,9.190220832824707,8.484793663024902,7.379664897918701,7.822332859039307,9.232691764831543,7.719897270202637,7.110097885131836,9.449606895446777,7.174993991851807,0.0,7.377373695373535,8.99446964263916,8.150882720947266,7.780131816864014,7.144479274749756,7.299560546875,7.590867042541504,7.583773136138916,9.27281665802002,8.290582656860352,7.865109920501709,7.607545852661133,8.355903625488281,12.155555725097656,7.440084457397461,7.980912685394287,7.821314811706543,9.746820449829102,6.912272930145264,7.568737030029297,7.531229496002197,6.739869117736816,7.946468353271484,8.118464469909668,6.5004167556762695,7.623558521270752,6.679144859313965,7.961681365966797,10.315751075744629,8.740887641906738,8.034101486206055,6.989630699157715,6.918890476226807,8.945931434631348,8.306063652038574,7.81712007522583,7.519397735595703,7.908575057983398,7.847190856933594,8.549842834472656,8.892557144165039,8.15764331817627,7.628602981567383,8.799036979675293,6.9598469734191895,7.080810546875,5.960517406463623,9.510321617126465,6.785751819610596,11.3660888671875,8.190143585205078,8.524813652038574,9.630196571350098
"['karanfil', 'leylak', 'menekse', 'nergis', 'zambak']",6.72030782699585,5.71159553527832,6.723594665527344,8.689196586608887,8.544255256652832,6.765875339508057,8.832894325256348,8.716730117797852,7.238025665283203,7.629737377166748,8.64101505279541,7.6708083152771,6.8690185546875,9.257634162902832,6.956500053405762,7.377373695373535,0.0,8.885272979736328,8.123452186584473,7.775864124298096,7.173635005950928,7.2408905029296875,7.736630916595459,7.0230326652526855,9.208959579467773,8.36540699005127,7.621269226074219,7.731462478637695,8.295251846313477,11.962092399597168,7.428966999053955,7.904416084289551,7.915314674377441,9.667105674743652,7.004222393035889,7.6022748947143555,7.4121832847595215,6.5610270500183105,7.821514129638672,8.22960090637207,6.216569423675537,7.236279010772705,6.8197832107543945,7.661298751831055,10.138751029968262,9.012354850769043,7.8454270362854,6.805203437805176,6.846536636352539,8.804524421691895,8.57601261138916,7.65584135055542,7.688199520111084,7.7786946296691895,8.109908103942871,8.404462814331055,9.026695251464844,7.739442825317383,7.383523464202881,8.774782180786133,6.609886169433594,6.994921684265137,5.892903804779053,9.136506080627441,6.565705299377441,11.295660018920898,8.370817184448242,8.4047212600708,9.792451858520508
stanfordcars,8.737909317016602,7.938704967498779,8.647610664367676,10.263092041015625,10.399649620056152,8.550137519836426,10.379504203796387,10.136675834655762,8.81888198852539,9.148470878601074,10.260659217834473,9.485443115234375,8.780909538269043,10.749537467956543,8.7116117477417,8.99446964263916,8.885272979736328,0.0,9.10470199584961,9.335752487182617,8.948184967041016,9.187080383300781,9.156187057495117,9.006586074829102,10.88119888305664,10.008689880371094,9.314177513122559,9.020462036132812,10.181977272033691,12.862959861755371,9.43774127960205,9.611876487731934,9.215387344360352,10.758453369140625,8.628997802734375,9.443307876586914,8.98959732055664,8.32847785949707,9.178431510925293,9.526907920837402,8.040895462036133,9.096137046813965,8.551204681396484,9.330076217651367,11.52548599243164,10.45022201538086,9.694892883300781,8.784920692443848,8.574904441833496,10.209542274475098,9.859790802001953,9.557653427124023,9.366559982299805,9.45008373260498,9.697396278381348,9.932826042175293,10.227277755737305,9.591347694396973,9.31755542755127,10.22851276397705,8.533851623535156,8.773079872131348,7.8290557861328125,10.623420715332031,7.9442877769470215,12.289613723754883,10.012182235717773,9.977849960327148,11.092758178710938
"['London', 'New York', 'Tokyo']",7.690009593963623,6.714457988739014,7.728962421417236,9.46921443939209,9.394936561584473,7.7004523277282715,9.473854064941406,9.516765594482422,8.024065017700195,8.426270484924316,9.501498222351074,8.947053909301758,7.955779552459717,10.359827995300293,7.893383979797363,8.150882720947266,8.123452186584473,9.10470199584961,0.0,8.32499885559082,7.78897762298584,8.125601768493652,8.381807327270508,8.190023422241211,9.770217895507812,8.938551902770996,8.363580703735352,8.178267478942871,8.856091499328613,12.318490982055664,8.2335844039917,8.69677448272705,8.661787986755371,10.21302318572998,7.6998982429504395,8.54807186126709,8.193442344665527,7.183198928833008,8.443124771118164,8.959308624267578,7.1492204666137695,8.541175842285156,7.626202583312988,8.651018142700195,10.866732597351074,9.810999870300293,8.648616790771484,7.786218643188477,7.4315690994262695,9.79112720489502,9.150566101074219,8.36739444732666,8.517801284790039,8.549359321594238,9.01138973236084,9.000670433044434,9.665583610534668,8.508397102355957,8.403704643249512,9.36207389831543,7.859924793243408,7.814808368682861,6.828700542449951,10.004512786865234,7.389636039733887,11.719659805297852,9.158881187438965,9.373844146728516,10.297460556030273
"['Husky siberiano', 'cocker spaniel', 'galgo', 'labrador', 'pastor aleman']",7.364038467407227,6.369045734405518,7.153818130493164,8.738554954528809,9.206672668457031,7.089112758636475,9.156511306762695,8.862940788269043,7.703132629394531,8.202535629272461,9.3600492477417,7.9409613609313965,7.518176555633545,9.88326358795166,7.641753196716309,7.780131816864014,7.775864124298096,9.335752487182617,8.32499885559082,0.0,7.697423934936523,7.739602088928223,7.968744277954102,7.469040870666504,9.49173641204834,8.497344970703125,7.794451713562012,7.876053333282471,8.615522384643555,12.214422225952148,7.618766784667969,8.499128341674805,7.906038761138916,9.573020935058594,7.339715957641602,8.187220573425293,7.476252555847168,7.132030487060547,7.921296119689941,8.587777137756348,6.800469875335693,7.802604675292969,6.959776878356934,8.4042329788208,10.495464324951172,9.555346488952637,8.268385887145996,7.192492961883545,7.354084014892578,9.037424087524414,8.847782135009766,8.16904067993164,8.266446113586426,7.827132225036621,8.454462051391602,8.538146018981934,9.357725143432617,8.193891525268555,7.653804302215576,9.021493911743164,7.067980766296387,7.160953044891357,6.3013200759887695,9.913433074951172,6.973657131195068,11.391485214233398,8.78005313873291,8.821990966796875,9.307522773742676
cifar10,6.846319198608398,5.930638790130615,6.761212348937988,8.36821460723877,9.229314804077148,6.475718021392822,8.959687232971191,9.057241439819336,7.0783610343933105,7.645703315734863,8.742043495178223,7.780929088592529,7.111283779144287,9.539027214050293,7.263803958892822,7.144479274749756,7.173635005950928,8.948184967041016,7.78897762298584,7.697423934936523,0.0,7.2389817237854,7.7308149337768555,7.379387855529785,9.222940444946289,8.154389381408691,7.670855522155762,7.596147060394287,8.179198265075684,11.88187026977539,7.338089942932129,7.9250640869140625,7.9956889152526855,9.777467727661133,7.110446453094482,7.781558990478516,7.300228118896484,6.560699939727783,7.635495662689209,7.8997979164123535,6.3517069816589355,7.382989406585693,6.896799564361572,8.050884246826172,10.594450950622559,9.193037033081055,7.808483123779297,6.586673736572266,6.798397064208984,9.090649604797363,8.614790916442871,7.983865261077881,7.849212646484375,7.839163780212402,8.109004020690918,8.681253433227539,8.76567268371582,8.019848823547363,7.78054141998291,8.608697891235352,6.581997871398926,6.84450101852417,5.945817470550537,9.225895881652832,6.41685152053833,11.195425033569336,8.270854949951172,8.457174301147461,9.609777450561523
"['cucumber', 'green beans', 'okra', 'pickle', 'zucinni']",6.834607124328613,5.671942234039307,7.10013484954834,8.619913101196289,8.8847017288208,6.514563083648682,8.835721969604492,8.69875717163086,7.37681770324707,7.677150249481201,8.708873748779297,7.73431396484375,7.254392623901367,9.179515838623047,7.402804374694824,7.299560546875,7.2408905029296875,9.187080383300781,8.125601768493652,7.739602088928223,7.2389817237854,0.0,7.638211727142334,7.157812118530273,9.240926742553711,8.167705535888672,7.785358428955078,7.566718578338623,8.089042663574219,12.145960807800293,7.328155994415283,7.947890281677246,7.842241287231445,9.55062484741211,7.122974872589111,7.426576137542725,7.507440090179443,6.720409870147705,7.841794490814209,8.37385368347168,6.3028974533081055,7.52392053604126,6.859464168548584,7.884023666381836,10.169103622436523,8.946179389953613,7.99711799621582,6.809752941131592,6.740391731262207,8.802729606628418,8.681436538696289,7.715794563293457,7.972107410430908,7.745712757110596,8.068187713623047,8.77079963684082,8.995759963989258,8.014972686767578,7.4560465812683105,8.93304443359375,6.69950532913208,6.85830020904541,5.975098609924316,9.377118110656738,6.512273788452148,11.171089172363281,8.401623725891113,8.720839500427246,9.732151985168457
cats_vs_dogs,7.180629730224609,6.413487911224365,7.050061225891113,9.228310585021973,9.257946014404297,7.258604526519775,9.263245582580566,9.072909355163574,8.032533645629883,7.9093852043151855,8.955275535583496,8.232791900634766,7.515508651733398,9.847972869873047,7.606926918029785,7.590867042541504,7.736630916595459,9.156187057495117,8.381807327270508,7.968744277954102,7.7308149337768555,7.638211727142334,0.0,7.73783540725708,9.57582950592041,8.649234771728516,8.119595527648926,8.0177640914917,8.52135944366455,12.311209678649902,7.806023120880127,8.524148941040039,8.1972017288208,10.086219787597656,7.469006538391113,7.8150835037231445,7.931523323059082,7.129030704498291,8.311381340026855,8.195246696472168,6.854257583618164,7.84099817276001,7.251969337463379,8.350857734680176,10.450678825378418,9.302760124206543,8.479005813598633,7.043764114379883,7.267743110656738,9.22166919708252,9.143221855163574,8.062490463256836,8.234506607055664,8.094765663146973,8.454700469970703,8.798937797546387,9.128063201904297,8.440800666809082,7.81353235244751,9.111849784851074,7.26915979385376,7.175176620483398,6.369462966918945,9.47128677368164,7.148460388183594,11.499526023864746,8.387986183166504,8.831857681274414,9.882214546203613
"['Big Check shirt', 'Formal Shirt', 'casual shirt', 'denim shirt']",6.738503456115723,5.8601861000061035,6.804030895233154,8.981010437011719,8.762633323669434,6.6656622886657715,8.69768238067627,8.485735893249512,7.134317398071289,7.7464375495910645,8.814651489257812,7.768831253051758,7.011176109313965,9.426444053649902,7.358255386352539,7.583773136138916,7.0230326652526855,9.006586074829102,8.190023422241211,7.469040870666504,7.379387855529785,7.157812118530273,7.73783540725708,0.0,9.073127746582031,8.439896583557129,7.618617057800293,7.477166652679443,8.436131477355957,12.121529579162598,7.3255743980407715,7.708480358123779,7.801866054534912,9.891680717468262,7.021440505981445,7.679560661315918,7.1782546043396,6.567227363586426,7.962693691253662,7.833197116851807,6.321365833282471,7.480233192443848,6.839019298553467,7.757036209106445,10.108010292053223,9.139859199523926,7.942348957061768,6.626978397369385,6.717678546905518,9.141453742980957,8.406121253967285,7.674054145812988,8.133283615112305,7.703350067138672,7.987568378448486,8.359864234924316,9.21331787109375,7.820119380950928,7.3142900466918945,8.81552505493164,6.701343536376953,7.037453651428223,5.941187381744385,9.043620109558105,6.343077182769775,11.416986465454102,8.359613418579102,8.548009872436523,9.588486671447754
"['best kitchen island', 'kitchen cabinet', 'kitchen countertop']",8.710176467895508,8.366715431213379,8.768231391906738,10.625016212463379,10.471738815307617,8.839376449584961,10.388378143310547,10.313692092895508,9.363113403320312,9.704174995422363,10.827367782592773,9.843392372131348,9.255472183227539,11.038361549377441,8.876261711120605,9.27281665802002,9.208959579467773,10.88119888305664,9.770217895507812,9.49173641204834,9.222940444946289,9.240926742553711,9.57582950592041,9.073127746582031,0.0,10.088430404663086,9.445145606994629,9.577866554260254,10.141623497009277,13.041324615478516,9.298917770385742,9.570140838623047,9.294268608093262,11.3807373046875,8.907585144042969,9.881162643432617,9.308194160461426,8.713316917419434,9.598407745361328,9.97394847869873,8.538737297058105,9.54467487335205,8.756821632385254,9.696734428405762,11.562020301818848,10.487512588500977,9.735980987548828,8.805529594421387,8.914392471313477,10.96479320526123,10.096016883850098,9.430195808410645,9.679871559143066,9.944766998291016,9.923318862915039,10.249475479125977,10.669534683227539,9.72260856628418,9.485968589782715,10.38247013092041,8.954787254333496,9.003186225891113,8.266268730163574,10.823768615722656,8.904285430908203,12.821484565734863,9.951333999633789,10.20885944366455,11.374533653259277
"['Bulldog', 'German Shepherd Dog', 'Golden Retriever Dog', 'Shiba Inu Dog']",8.147761344909668,7.061844348907471,8.13963508605957,9.434009552001953,9.91332721710205,7.892570972442627,9.80827808380127,9.59709358215332,8.312196731567383,8.716092109680176,9.837839126586914,8.94939136505127,8.47067928314209,10.296520233154297,8.310369491577148,8.290582656860352,8.36540699005127,10.008689880371094,8.938551902770996,8.497344970703125,8.154389381408691,8.167705535888672,8.649234771728516,8.439896583557129,10.088430404663086,0.0,8.385842323303223,8.897436141967773,9.13957691192627,12.360147476196289,8.440888404846191,9.020269393920898,8.837479591369629,10.252795219421387,8.155741691589355,8.773881912231445,8.258367538452148,7.8046464920043945,8.865833282470703,9.157083511352539,7.730907917022705,8.644464492797852,7.847317218780518,8.909392356872559,11.261154174804688,10.169649124145508,8.900507926940918,8.015487670898438,7.725919723510742,9.90401554107666,9.642233848571777,8.794927597045898,8.763204574584961,8.546494483947754,8.932730674743652,9.374801635742188,9.98046875,8.84103012084961,8.505287170410156,9.928077697753906,7.834805965423584,8.31270694732666,7.313950538635254,10.12436580657959,7.856452465057373,11.942560195922852,9.441595077514648,9.583840370178223,10.203269958496094
"['Cooling tower', 'Transmission grid', 'Wind turbines']",7.069588661193848,6.409900665283203,7.289762020111084,9.24024486541748,9.286215782165527,7.258355617523193,9.20673942565918,9.09959602355957,7.722528457641602,8.060100555419922,9.2894926071167,7.851183891296387,7.410405158996582,10.148507118225098,7.7320556640625,7.865109920501709,7.621269226074219,9.314177513122559,8.363580703735352,7.794451713562012,7.670855522155762,7.785358428955078,8.119595527648926,7.618617057800293,9.445145606994629,8.385842323303223,0.0,8.002028465270996,8.881326675415039,12.15560245513916,7.586791038513184,8.339471817016602,8.271897315979004,10.067992210388184,7.4877519607543945,8.083349227905273,7.841448783874512,6.9178338050842285,8.032297134399414,8.25975513458252,6.814249515533447,7.877537727355957,7.055919170379639,8.109827995300293,10.596023559570312,9.37845516204834,8.522130966186523,7.3413310050964355,7.403241157531738,9.868261337280273,8.93608570098877,7.90952730178833,8.457881927490234,8.059999465942383,8.42321491241455,8.91196060180664,9.409407615661621,8.424469947814941,7.982685565948486,8.720101356506348,6.955279350280762,7.359631061553955,6.636406898498535,9.973050117492676,6.919644832611084,11.389213562011719,8.855509757995605,9.106452941894531,10.15081787109375
"['dark skin', 'light skin']",7.090641021728516,6.165338516235352,7.2829813957214355,8.763266563415527,9.276650428771973,6.945998191833496,9.179254531860352,8.679442405700684,7.729469299316406,7.91956901550293,8.886322975158691,7.936840057373047,7.302302837371826,9.842263221740723,7.555995464324951,7.607545852661133,7.731462478637695,9.020462036132812,8.178267478942871,7.876053333282471,7.596147060394287,7.566718578338623,8.0177640914917,7.477166652679443,9.577866554260254,8.897436141967773,8.002028465270996,0.0,8.548745155334473,12.525819778442383,7.754169940948486,8.303028106689453,8.067962646484375,9.862351417541504,7.232026100158691,7.875638484954834,7.428595542907715,6.909433841705322,8.0682954788208,8.27894401550293,6.620306968688965,7.720979690551758,7.299885272979736,8.249295234680176,10.707261085510254,9.26257610321045,8.326522827148438,7.250157833099365,7.074659824371338,9.039913177490234,8.691145896911621,8.140951156616211,8.022150039672852,7.769014835357666,8.384252548217773,8.417561531066895,9.143030166625977,7.984879970550537,7.751956462860107,8.832169532775879,7.035007476806641,7.1048054695129395,6.473348140716553,9.756674766540527,6.885619163513184,11.650300979614258,8.494926452636719,8.681968688964844,9.538837432861328
"['damaged road', 'good road']",7.7975239753723145,7.023226737976074,7.958122253417969,9.212942123413086,9.986937522888184,7.7190937995910645,9.943249702453613,9.311385154724121,8.314397811889648,8.418188095092773,9.862520217895508,8.830965995788574,8.19137954711914,10.600447654724121,8.202500343322754,8.355903625488281,8.295251846313477,10.181977272033691,8.856091499328613,8.615522384643555,8.179198265075684,8.089042663574219,8.52135944366455,8.436131477355957,10.141623497009277,9.13957691192627,8.881326675415039,8.548745155334473,0.0,12.822991371154785,8.181788444519043,9.093926429748535,9.057065963745117,10.193381309509277,8.015466690063477,8.469847679138184,8.415876388549805,7.584417343139648,8.46950626373291,9.072175025939941,7.568599700927734,8.57985782623291,7.996224880218506,8.627717971801758,10.912632942199707,9.686725616455078,8.87015438079834,7.8860859870910645,7.884768486022949,9.612750053405762,9.383970260620117,8.318294525146484,8.652899742126465,8.775469779968262,9.133116722106934,9.50081729888916,9.648502349853516,9.017613410949707,8.362346649169922,9.682550430297852,7.96395206451416,8.1120023727417,7.020839214324951,10.114307403564453,7.702616214752197,11.735252380371094,9.175471305847168,9.383443832397461,10.209172248840332
chest_xray_classification,11.915976524353027,11.19703483581543,11.739113807678223,12.944433212280273,12.924830436706543,11.952010154724121,13.013214111328125,12.978926658630371,11.816876411437988,12.27198314666748,12.846074104309082,12.070452690124512,11.659433364868164,13.4762544631958,12.159419059753418,12.155555725097656,11.962092399597168,12.862959861755371,12.318490982055664,12.214422225952148,11.88187026977539,12.145960807800293,12.311209678649902,12.121529579162598,13.041324615478516,12.360147476196289,12.15560245513916,12.525819778442383,12.822991371154785,0.0,12.01518726348877,12.170772552490234,12.190564155578613,13.32509994506836,11.790377616882324,12.454645156860352,11.92384147644043,11.696337699890137,12.399186134338379,12.45279598236084,11.397732734680176,11.715860366821289,11.951874732971191,12.340394973754883,13.91238784790039,12.987030982971191,12.431784629821777,11.841556549072266,11.585458755493164,13.220870971679688,12.227154731750488,12.137971878051758,12.582626342773438,12.155774116516113,12.383420944213867,12.674248695373535,13.242781639099121,12.527830123901367,12.247108459472656,12.842869758605957,11.995247840881348,11.702549934387207,11.406627655029297,13.464397430419922,11.421826362609863,14.515704154968262,13.063182830810547,12.946419715881348,13.682804107666016
food101,7.088946342468262,6.0395097732543945,6.975400447845459,8.655929565429688,8.916666030883789,6.842562675476074,8.936202049255371,8.896988868713379,7.613121509552002,8.084912300109863,8.9990234375,7.832241535186768,7.301748275756836,9.884754180908203,7.46412467956543,7.440084457397461,7.428966999053955,9.43774127960205,8.2335844039917,7.618766784667969,7.338089942932129,7.328155994415283,7.806023120880127,7.3255743980407715,9.298917770385742,8.440888404846191,7.586791038513184,7.754169940948486,8.181788444519043,12.01518726348877,0.0,7.991207122802734,8.075231552124023,9.928671836853027,7.167247295379639,7.886725902557373,7.445225715637207,6.687880039215088,7.944127559661865,8.275565147399902,6.529338359832764,7.560822010040283,6.889877796173096,7.851415634155273,10.28125286102295,9.216776847839355,8.0897855758667,6.755324363708496,7.000822067260742,9.073249816894531,8.730185508728027,7.809648036956787,8.320572853088379,8.035487174987793,8.220467567443848,8.40551471710205,9.044145584106445,8.077881813049316,7.731862545013428,8.935832023620605,6.76446008682251,7.147991180419922,6.132965087890625,9.721442222595215,6.506338596343994,11.164372444152832,8.49023151397705,9.033477783203125,9.843175888061523
"['beer', 'wine']",7.532658576965332,6.601336479187012,7.550565242767334,9.372836112976074,9.262711524963379,7.286671161651611,9.50093936920166,9.238251686096191,7.9575018882751465,8.384281158447266,9.253378868103027,8.449975967407227,7.726929187774658,9.981017112731934,7.938393592834473,7.980912685394287,7.904416084289551,9.611876487731934,8.69677448272705,8.499128341674805,7.9250640869140625,7.947890281677246,8.524148941040039,7.708480358123779,9.570140838623047,9.020269393920898,8.339471817016602,8.303028106689453,9.093926429748535,12.170772552490234,7.991207122802734,0.0,8.402366638183594,10.283711433410645,7.802732467651367,8.410141944885254,7.9305620193481445,7.451990127563477,8.609230995178223,8.507987976074219,7.0800909996032715,8.061760902404785,7.732786178588867,8.622937202453613,10.685905456542969,9.617457389831543,8.68865966796875,7.4451165199279785,7.344318866729736,9.545830726623535,9.141465187072754,8.200016975402832,8.554329872131348,8.49304485321045,8.736750602722168,8.958632469177246,9.587912559509277,8.600894927978516,8.246116638183594,9.359959602355957,7.665891647338867,7.841705322265625,6.922919273376465,9.748455047607422,7.163001537322998,12.21101188659668,9.208256721496582,9.093758583068848,10.11406421661377
"['beer', 'whisky', 'wine']",7.360694885253906,6.559961795806885,7.46646785736084,9.12948989868164,9.499311447143555,7.4244537353515625,9.297486305236816,9.0658597946167,7.986664772033691,8.247373580932617,8.959312438964844,8.130660057067871,7.7664899826049805,9.842239379882812,7.397950172424316,7.821314811706543,7.915314674377441,9.215387344360352,8.661787986755371,7.906038761138916,7.9956889152526855,7.842241287231445,8.1972017288208,7.801866054534912,9.294268608093262,8.837479591369629,8.271897315979004,8.067962646484375,9.057065963745117,12.190564155578613,8.075231552124023,8.402366638183594,0.0,9.943548202514648,7.605273246765137,8.115045547485352,8.076897621154785,7.361045837402344,8.018036842346191,8.32867431640625,6.955535888671875,8.001501083374023,7.311046123504639,8.547082901000977,10.79123592376709,9.68628978729248,8.61444091796875,7.515434741973877,7.184422969818115,9.653753280639648,8.938512802124023,8.098187446594238,8.469779968261719,8.478479385375977,8.557595252990723,8.807625770568848,9.484652519226074,8.451109886169434,8.05082893371582,9.310404777526855,7.185262203216553,7.5939459800720215,6.6457672119140625,10.007081031799316,7.325427532196045,11.383451461791992,9.202921867370605,9.056760787963867,9.74769401550293
"['alpaca', 'guanaco', 'llama', 'vicuna']",9.307915687561035,8.700819969177246,9.382560729980469,10.767208099365234,10.900958061218262,9.288405418395996,10.896917343139648,10.463315963745117,9.599529266357422,9.75306224822998,10.577790260314941,9.75948429107666,9.350678443908691,11.658904075622559,9.168846130371094,9.746820449829102,9.667105674743652,10.758453369140625,10.21302318572998,9.573020935058594,9.777467727661133,9.55062484741211,10.086219787597656,9.891680717468262,11.3807373046875,10.252795219421387,10.067992210388184,9.862351417541504,10.193381309509277,13.32509994506836,9.928671836853027,10.283711433410645,9.943548202514648,0.0,9.261261940002441,10.124411582946777,9.48111343383789,9.161079406738281,9.940226554870605,10.311808586120605,9.18028450012207,10.085702896118164,9.171463012695312,10.113572120666504,11.713635444641113,11.303885459899902,10.240006446838379,9.373764991760254,9.141709327697754,10.961681365966797,10.558137893676758,9.910350799560547,10.081159591674805,10.0098876953125,10.171392440795898,10.471037864685059,11.0386381149292,10.308903694152832,9.765901565551758,10.448832511901855,9.358560562133789,9.252145767211914,8.601923942565918,11.399067878723145,8.995782852172852,12.724167823791504,10.43297290802002,10.927712440490723,11.008367538452148
"['bunny', 'moon', 'sun', 'tiger']",6.6219401359558105,5.3768630027771,6.618699550628662,8.14018726348877,8.459005355834961,6.259897708892822,8.855487823486328,8.328757286071777,7.284432411193848,7.275764465332031,8.608917236328125,7.356906890869141,7.0712432861328125,9.521939277648926,6.962698936462402,6.912272930145264,7.004222393035889,8.628997802734375,7.6998982429504395,7.339715957641602,7.110446453094482,7.122974872589111,7.469006538391113,7.021440505981445,8.907585144042969,8.155741691589355,7.4877519607543945,7.232026100158691,8.015466690063477,11.790377616882324,7.167247295379639,7.802732467651367,7.605273246765137,9.261261940002441,0.0,7.326598644256592,7.141467094421387,6.267176151275635,7.284820079803467,7.849463939666748,5.956666946411133,7.226052284240723,6.405728816986084,7.635128974914551,10.158085823059082,8.97316837310791,7.705827713012695,6.474396228790283,6.5433783531188965,8.746496200561523,8.429532051086426,7.550827503204346,7.581934452056885,7.631780624389648,7.627263069152832,8.023292541503906,8.7474946975708,7.5220770835876465,7.337094783782959,8.353774070739746,6.6051106452941895,6.712400913238525,5.426790237426758,9.148350715637207,6.081905841827393,11.194814682006836,8.162063598632812,8.115416526794434,9.219463348388672
"['apple', 'banana', 'grape', 'kiwi', 'lemon']",7.092396259307861,6.364554405212402,7.415337085723877,9.171518325805664,9.241600036621094,7.0589375495910645,9.176433563232422,8.921629905700684,7.750833511352539,8.055777549743652,9.120870590209961,7.978718280792236,7.393580913543701,9.473857879638672,7.537325859069824,7.568737030029297,7.6022748947143555,9.443307876586914,8.54807186126709,8.187220573425293,7.781558990478516,7.426576137542725,7.8150835037231445,7.679560661315918,9.881162643432617,8.773881912231445,8.083349227905273,7.875638484954834,8.469847679138184,12.454645156860352,7.886725902557373,8.410141944885254,8.115045547485352,10.124411582946777,7.326598644256592,0.0,8.0319242477417,6.994323253631592,7.904374599456787,8.777603149414062,6.5373334884643555,7.676804065704346,7.223710060119629,8.270181655883789,10.38973617553711,9.272720336914062,8.381307601928711,7.14188814163208,6.988309860229492,9.316768646240234,8.830562591552734,7.958507061004639,8.246308326721191,8.00866413116455,8.478015899658203,8.884443283081055,9.107048988342285,8.305888175964355,7.797048568725586,9.275830268859863,7.186549663543701,7.4478912353515625,6.416758060455322,9.26562213897705,7.107702255249023,11.201020240783691,8.740360260009766,8.94848346710205,9.792156219482422
"['apple', 'banana', 'mango', 'orange', 'tomato']",6.837869167327881,5.959227085113525,6.973719596862793,8.510843276977539,9.000360488891602,6.594527721405029,9.044465065002441,8.697918891906738,7.282277584075928,7.724947452545166,8.77730655670166,7.775854587554932,6.886551380157471,9.536748886108398,7.39055061340332,7.531229496002197,7.4121832847595215,8.98959732055664,8.193442344665527,7.476252555847168,7.300228118896484,7.507440090179443,7.931523323059082,7.1782546043396,9.308194160461426,8.258367538452148,7.841448783874512,7.428595542907715,8.415876388549805,11.92384147644043,7.445225715637207,7.9305620193481445,8.076897621154785,9.48111343383789,7.141467094421387,8.0319242477417,0.0,6.500925540924072,7.743858337402344,8.094205856323242,6.521071434020996,7.739538192749023,6.82928466796875,7.968196392059326,10.146500587463379,8.833155632019043,7.519067764282227,6.724229335784912,6.454132556915283,9.043377876281738,8.462852478027344,7.648250579833984,7.8636369705200195,7.700934886932373,7.989109039306641,8.499393463134766,8.721237182617188,8.077021598815918,7.424188137054443,8.743797302246094,6.803574562072754,7.089855194091797,6.1576619148254395,9.4808988571167,6.617425441741943,11.293627738952637,8.232501029968262,8.57717514038086,9.459044456481934
"['dosa', 'idli', 'naan', 'samosa', 'vada']",6.055853366851807,4.8715128898620605,6.251403331756592,8.099531173706055,8.030694961547852,5.844740867614746,8.538508415222168,8.134357452392578,6.3693366050720215,7.330420970916748,8.314704895019531,7.152044773101807,6.288341045379639,9.105624198913574,6.484622478485107,6.739869117736816,6.5610270500183105,8.32847785949707,7.183198928833008,7.132030487060547,6.560699939727783,6.720409870147705,7.129030704498291,6.567227363586426,8.713316917419434,7.8046464920043945,6.9178338050842285,6.909433841705322,7.584417343139648,11.696337699890137,6.687880039215088,7.451990127563477,7.361045837402344,9.161079406738281,6.267176151275635,6.994323253631592,6.500925540924072,0.0,6.943205833435059,7.279230117797852,5.519207954406738,6.712246894836426,5.946671009063721,7.1150407791137695,9.791292190551758,8.283381462097168,7.165945053100586,5.982426166534424,5.884307861328125,8.617907524108887,7.831001281738281,7.195205211639404,7.170653820037842,7.127583980560303,7.483163833618164,7.822780132293701,8.406177520751953,7.111754894256592,6.817495822906494,8.457977294921875,5.8873209953308105,6.182518005371094,5.102815628051758,8.827309608459473,5.788726329803467,10.824250221252441,7.770764350891113,8.01126480102539,9.091265678405762
"['computer mouse', 'desktop', 'keyboard', 'laptop', 'monitor']",7.272961139678955,6.439024448394775,7.449003219604492,8.971663475036621,8.983593940734863,7.157808780670166,9.680642127990723,9.201584815979004,7.779144763946533,8.0453519821167,9.481049537658691,8.250072479248047,7.652467727661133,9.896604537963867,7.864694595336914,7.946468353271484,7.821514129638672,9.178431510925293,8.443124771118164,7.921296119689941,7.635495662689209,7.841794490814209,8.311381340026855,7.962693691253662,9.598407745361328,8.865833282470703,8.032297134399414,8.0682954788208,8.46950626373291,12.399186134338379,7.944127559661865,8.609230995178223,8.018036842346191,9.940226554870605,7.284820079803467,7.904374599456787,7.743858337402344,6.943205833435059,0.0,8.412219047546387,6.913257122039795,8.09182071685791,7.308793544769287,8.130050659179688,10.76043701171875,9.391797065734863,8.281384468078613,7.366226673126221,7.2377519607543945,9.392179489135742,8.818868637084961,8.120441436767578,8.379605293273926,8.58348560333252,8.542245864868164,8.639754295349121,9.346537590026855,8.528660774230957,8.071781158447266,9.279335021972656,7.263772010803223,7.476607322692871,6.459640026092529,9.87622356414795,7.185937404632568,11.261180877685547,8.781172752380371,8.847070693969727,9.630537033081055
"['golden retriever', 'great dane', 'husky']",7.387328624725342,6.92069673538208,7.6004719734191895,9.319576263427734,9.530719757080078,7.41204833984375,9.372501373291016,9.23552417755127,8.150494575500488,8.338923454284668,9.28739070892334,8.338908195495605,7.781305313110352,9.927593231201172,7.824589252471924,8.118464469909668,8.22960090637207,9.526907920837402,8.959308624267578,8.587777137756348,7.8997979164123535,8.37385368347168,8.195246696472168,7.833197116851807,9.97394847869873,9.157083511352539,8.25975513458252,8.27894401550293,9.072175025939941,12.45279598236084,8.275565147399902,8.507987976074219,8.32867431640625,10.311808586120605,7.849463939666748,8.777603149414062,8.094205856323242,7.279230117797852,8.412219047546387,0.0,7.217469215393066,7.971489906311035,7.628056526184082,8.674745559692383,10.725595474243164,9.952277183532715,8.740461349487305,7.616662979125977,7.412276744842529,9.7947359085083,9.20022201538086,8.424561500549316,8.619325637817383,8.59289836883545,8.781309127807617,9.089216232299805,9.689663887023926,8.733094215393066,8.060346603393555,9.288498878479004,7.733819961547852,7.8350749015808105,6.913397789001465,9.727685928344727,7.342625141143799,11.369779586791992,8.968172073364258,9.044351577758789,10.314780235290527
"['upside_down', 'original']",5.914980411529541,4.745307922363281,5.847764015197754,7.951126575469971,8.18559741973877,5.686465740203857,8.239590644836426,8.078926086425781,6.315638542175293,6.822474002838135,8.030559539794922,6.776708126068115,6.054109573364258,8.670675277709961,6.122982501983643,6.5004167556762695,6.216569423675537,8.040895462036133,7.1492204666137695,6.800469875335693,6.3517069816589355,6.3028974533081055,6.854257583618164,6.321365833282471,8.538737297058105,7.730907917022705,6.814249515533447,6.620306968688965,7.568599700927734,11.397732734680176,6.529338359832764,7.0800909996032715,6.955535888671875,9.18028450012207,5.956666946411133,6.5373334884643555,6.521071434020996,5.519207954406738,6.913257122039795,7.217469215393066,0.0,6.532414436340332,5.907102584838867,6.991281986236572,9.537420272827148,8.234800338745117,7.12545919418335,5.790931224822998,5.95677375793457,8.329301834106445,7.718766212463379,6.915066719055176,6.900912284851074,6.977819442749023,7.178085803985596,7.725395679473877,8.260300636291504,7.233849048614502,6.567851543426514,8.229547500610352,5.784648895263672,5.957849025726318,5.023340702056885,8.685070991516113,5.578602313995361,10.628423690795898,7.562067985534668,7.739304542541504,8.675633430480957
"['italy soccer fan', 'spain soccer fan']",6.988394737243652,5.989797592163086,7.1519904136657715,8.995597839355469,9.02025318145752,6.898599147796631,9.26037883758545,8.769964218139648,7.214437007904053,8.14332389831543,8.7300443649292,7.694005012512207,7.1102190017700195,9.484527587890625,7.375519752502441,7.623558521270752,7.236279010772705,9.096137046813965,8.541175842285156,7.802604675292969,7.382989406585693,7.52392053604126,7.84099817276001,7.480233192443848,9.54467487335205,8.644464492797852,7.877537727355957,7.720979690551758,8.57985782623291,11.715860366821289,7.560822010040283,8.061760902404785,8.001501083374023,10.085702896118164,7.226052284240723,7.676804065704346,7.739538192749023,6.712246894836426,8.09182071685791,7.971489906311035,6.532414436340332,0.0,6.92459774017334,8.187439918518066,9.952978134155273,9.227532386779785,7.9862518310546875,7.1536865234375,6.769226551055908,9.048973083496094,8.637818336486816,8.232638359069824,7.8834052085876465,8.125044822692871,8.153162956237793,8.45075511932373,9.109234809875488,8.028044700622559,7.644394874572754,8.727912902832031,6.963321685791016,7.0316643714904785,6.164581298828125,9.326295852661133,6.588668346405029,11.487672805786133,8.542825698852539,8.429031372070312,9.764825820922852
"['aragorn', 'frodo', 'gandalf', 'gollum', 'legolas']",6.199692726135254,5.3599090576171875,6.461144924163818,8.271510124206543,8.473541259765625,6.0817108154296875,8.506101608276367,8.10700798034668,6.733346462249756,7.376486778259277,8.360251426696777,7.4122138023376465,6.451824188232422,9.262927055358887,6.5846686363220215,6.679144859313965,6.8197832107543945,8.551204681396484,7.626202583312988,6.959776878356934,6.896799564361572,6.859464168548584,7.251969337463379,6.839019298553467,8.756821632385254,7.847317218780518,7.055919170379639,7.299885272979736,7.996224880218506,11.951874732971191,6.889877796173096,7.732786178588867,7.311046123504639,9.171463012695312,6.405728816986084,7.223710060119629,6.82928466796875,5.946671009063721,7.308793544769287,7.628056526184082,5.907102584838867,6.92459774017334,0.0,7.499938488006592,9.960151672363281,8.582626342773438,7.630954742431641,6.197789192199707,6.27243709564209,8.672651290893555,8.04970645904541,7.520242214202881,7.18967866897583,7.355870723724365,7.491704940795898,8.051251411437988,8.464266777038574,7.5545172691345215,6.986611843109131,8.218887329101562,6.32757568359375,6.387864112854004,5.245064735412598,9.214181900024414,5.941317558288574,10.785635948181152,8.094117164611816,8.28873062133789,8.930542945861816
"['drone', 'fighter', 'uav']",7.631850242614746,6.873635292053223,7.6464643478393555,9.177271842956543,9.233842849731445,7.461843967437744,9.581920623779297,9.578442573547363,8.032990455627441,8.447348594665527,9.637042999267578,8.318790435791016,7.802241802215576,10.226337432861328,7.861582279205322,7.961681365966797,7.661298751831055,9.330076217651367,8.651018142700195,8.4042329788208,8.050884246826172,7.884023666381836,8.350857734680176,7.757036209106445,9.696734428405762,8.909392356872559,8.109827995300293,8.249295234680176,8.627717971801758,12.340394973754883,7.851415634155273,8.622937202453613,8.547082901000977,10.113572120666504,7.635128974914551,8.270181655883789,7.968196392059326,7.1150407791137695,8.130050659179688,8.674745559692383,6.991281986236572,8.187439918518066,7.499938488006592,0.0,10.530274391174316,9.420844078063965,8.54218578338623,7.668741226196289,7.556022644042969,9.70535659790039,9.284043312072754,8.31230640411377,8.428359985351562,8.58789348602295,8.791608810424805,8.897162437438965,9.427603721618652,8.881450653076172,8.440094947814941,9.49751091003418,7.4548726081848145,7.768630027770996,6.864487648010254,10.000326156616211,7.221872329711914,11.847774505615234,9.006396293640137,9.121522903442383,10.197199821472168
beans,9.932906150817871,9.104411125183105,10.207611083984375,11.651774406433105,11.458428382873535,9.773499488830566,11.115534782409668,11.226289749145508,10.168628692626953,10.720684051513672,11.066638946533203,10.667581558227539,9.937771797180176,11.637626647949219,10.087870597839355,10.315751075744629,10.138751029968262,11.52548599243164,10.866732597351074,10.495464324951172,10.594450950622559,10.169103622436523,10.450678825378418,10.108010292053223,11.562020301818848,11.261154174804688,10.596023559570312,10.707261085510254,10.912632942199707,13.91238784790039,10.28125286102295,10.685905456542969,10.79123592376709,11.713635444641113,10.158085823059082,10.38973617553711,10.146500587463379,9.791292190551758,10.76043701171875,10.725595474243164,9.537420272827148,9.952978134155273,9.960151672363281,10.530274391174316,0.0,11.598808288574219,10.694380760192871,9.779294967651367,9.769522666931152,11.603029251098633,11.111600875854492,10.415255546569824,10.573813438415527,10.404255867004395,10.615872383117676,11.231963157653809,11.895784378051758,10.648168563842773,10.367147445678711,11.53690242767334,10.022440910339355,9.962732315063477,9.364110946655273,11.862608909606934,9.651999473571777,13.413763046264648,10.934554100036621,11.187496185302734,11.936116218566895
"['chocolate ice cream', 'vanilla ice cream']",8.677032470703125,8.090553283691406,8.740277290344238,10.3405122756958,10.41427230834961,8.56674575805664,10.82691478729248,10.327518463134766,9.214808464050293,9.308859825134277,10.684350967407227,9.232916831970215,8.726078987121582,11.187249183654785,9.147895812988281,8.740887641906738,9.012354850769043,10.45022201538086,9.810999870300293,9.555346488952637,9.193037033081055,8.946179389953613,9.302760124206543,9.139859199523926,10.487512588500977,10.169649124145508,9.37845516204834,9.26257610321045,9.686725616455078,12.987030982971191,9.216776847839355,9.617457389831543,9.68628978729248,11.303885459899902,8.97316837310791,9.272720336914062,8.833155632019043,8.283381462097168,9.391797065734863,9.952277183532715,8.234800338745117,9.227532386779785,8.582626342773438,9.420844078063965,11.598808288574219,0.0,9.645565032958984,8.753373146057129,8.802270889282227,10.83006763458252,10.197405815124512,9.395904541015625,9.487081527709961,9.738241195678711,9.46727466583252,10.160492897033691,10.4548921585083,9.832801818847656,9.398770332336426,10.247618675231934,8.737470626831055,8.963294982910156,8.115580558776855,10.937135696411133,8.518518447875977,12.797529220581055,9.924490928649902,9.958406448364258,10.919432640075684
"['hot dog', 'not hot dog']",7.610572338104248,6.542671203613281,7.457629680633545,9.19827651977539,9.338363647460938,7.34660530090332,9.513163566589355,9.17778491973877,8.0214204788208,8.453449249267578,9.0845308303833,8.326205253601074,7.596118927001953,10.142727851867676,7.656768321990967,8.034101486206055,7.8454270362854,9.694892883300781,8.648616790771484,8.268385887145996,7.808483123779297,7.99711799621582,8.479005813598633,7.942348957061768,9.735980987548828,8.900507926940918,8.522130966186523,8.326522827148438,8.87015438079834,12.431784629821777,8.0897855758667,8.68865966796875,8.61444091796875,10.240006446838379,7.705827713012695,8.381307601928711,7.519067764282227,7.165945053100586,8.281384468078613,8.740461349487305,7.12545919418335,7.9862518310546875,7.630954742431641,8.54218578338623,10.694380760192871,9.645565032958984,0.0,7.5621562004089355,7.50653600692749,9.451330184936523,8.700532913208008,8.483506202697754,8.795515060424805,8.673685073852539,8.853180885314941,9.13868522644043,9.271778106689453,8.823884963989258,8.293901443481445,9.397130966186523,7.446178436279297,7.552986145019531,6.911214351654053,9.906672477722168,7.463814735412598,11.616406440734863,9.108642578125,9.021661758422852,10.102743148803711
"['dingo', 'koala', 'kookaburra', 'possum', 'tasmanian devil']",6.319996356964111,5.24441385269165,6.444522380828857,8.387927055358887,8.357539176940918,6.150081634521484,8.698980331420898,8.180992126464844,7.022467613220215,7.482092380523682,8.443376541137695,7.410272598266602,6.780534267425537,9.131704330444336,6.592711925506592,6.989630699157715,6.805203437805176,8.784920692443848,7.786218643188477,7.192492961883545,6.586673736572266,6.809752941131592,7.043764114379883,6.626978397369385,8.805529594421387,8.015487670898438,7.3413310050964355,7.250157833099365,7.8860859870910645,11.841556549072266,6.755324363708496,7.4451165199279785,7.515434741973877,9.373764991760254,6.474396228790283,7.14188814163208,6.724229335784912,5.982426166534424,7.366226673126221,7.616662979125977,5.790931224822998,7.1536865234375,6.197789192199707,7.668741226196289,9.779294967651367,8.753373146057129,7.5621562004089355,0.0,6.3549933433532715,8.846275329589844,8.159357070922852,7.194536209106445,7.336089611053467,7.274301528930664,7.4343719482421875,8.155128479003906,8.527173042297363,7.615784645080566,6.9431376457214355,8.323412895202637,6.404823303222656,6.304855823516846,5.475342273712158,8.973320960998535,5.9757080078125,10.860173225402832,7.928091049194336,8.28521728515625,9.285724639892578
"['dog drinking water', 'dog eating food', 'dog playing toy', 'dog sleeping']",6.264095783233643,5.083532333374023,6.426474571228027,7.878218650817871,8.567020416259766,6.095405578613281,8.45358943939209,8.19646167755127,6.9160895347595215,7.167492389678955,8.210124969482422,7.437809467315674,6.468505382537842,9.176756858825684,6.858499050140381,6.918890476226807,6.846536636352539,8.574904441833496,7.4315690994262695,7.354084014892578,6.798397064208984,6.740391731262207,7.267743110656738,6.717678546905518,8.914392471313477,7.725919723510742,7.403241157531738,7.074659824371338,7.884768486022949,11.585458755493164,7.000822067260742,7.344318866729736,7.184422969818115,9.141709327697754,6.5433783531188965,6.988309860229492,6.454132556915283,5.884307861328125,7.2377519607543945,7.412276744842529,5.95677375793457,6.769226551055908,6.27243709564209,7.556022644042969,9.769522666931152,8.802270889282227,7.50653600692749,6.3549933433532715,0.0,8.685168266296387,7.926080703735352,7.190178871154785,7.3315277099609375,7.396773338317871,7.58795166015625,8.126619338989258,8.399391174316406,7.319601058959961,6.645200252532959,8.234169006347656,6.394961833953857,6.451736927032471,5.34950590133667,8.570258140563965,6.0845465660095215,10.865443229675293,8.120272636413574,8.087021827697754,9.418380737304688
"['african pygmy goat', 'nigerian dwarf goat']",8.569390296936035,7.847493648529053,8.722719192504883,10.182188034057617,10.583159446716309,8.689085006713867,10.566971778869629,10.279437065124512,8.996553421020508,9.49029541015625,10.431724548339844,9.715509414672852,8.981035232543945,10.873310089111328,9.15360164642334,8.945931434631348,8.804524421691895,10.209542274475098,9.79112720489502,9.037424087524414,9.090649604797363,8.802729606628418,9.22166919708252,9.141453742980957,10.96479320526123,9.90401554107666,9.868261337280273,9.039913177490234,9.612750053405762,13.220870971679688,9.073249816894531,9.545830726623535,9.653753280639648,10.961681365966797,8.746496200561523,9.316768646240234,9.043377876281738,8.617907524108887,9.392179489135742,9.7947359085083,8.329301834106445,9.048973083496094,8.672651290893555,9.70535659790039,11.603029251098633,10.83006763458252,9.451330184936523,8.846275329589844,8.685168266296387,0.0,10.061866760253906,9.542757034301758,9.371198654174805,9.085481643676758,9.598718643188477,10.061344146728516,10.509269714355469,9.546186447143555,9.01302433013916,10.399868965148926,8.764728546142578,8.961654663085938,8.054486274719238,10.605591773986816,8.453380584716797,12.411005020141602,9.8447904586792,9.705709457397461,10.682663917541504
"['arc de triomphe', 'big ben', 'la sagrada familia', 'leaning tower of pisa', 'taj mahal']",7.8347601890563965,7.368645668029785,8.106383323669434,9.649871826171875,9.935598373413086,8.005291938781738,10.039108276367188,9.83248519897461,8.170252799987793,8.989466667175293,9.839974403381348,8.946975708007812,8.509950637817383,10.432175636291504,8.490336418151855,8.306063652038574,8.57601261138916,9.859790802001953,9.150566101074219,8.847782135009766,8.614790916442871,8.681436538696289,9.143221855163574,8.406121253967285,10.096016883850098,9.642233848571777,8.93608570098877,8.691145896911621,9.383970260620117,12.227154731750488,8.730185508728027,9.141465187072754,8.938512802124023,10.558137893676758,8.429532051086426,8.830562591552734,8.462852478027344,7.831001281738281,8.818868637084961,9.20022201538086,7.718766212463379,8.637818336486816,8.04970645904541,9.284043312072754,11.111600875854492,10.197405815124512,8.700532913208008,8.159357070922852,7.926080703735352,10.061866760253906,0.0,8.841630935668945,9.04317855834961,8.712109565734863,8.983269691467285,9.372095108032227,9.980377197265625,9.409454345703125,8.573583602905273,9.84164810180664,7.958920955657959,8.13529109954834,7.289272308349609,10.0006742477417,7.8191046714782715,12.044977188110352,9.854269981384277,9.416768074035645,10.40710735321045
"['cake', 'cookie', 'pie']",7.354322910308838,6.418164253234863,7.367515563964844,9.308525085449219,9.283403396606445,7.142210483551025,9.290196418762207,8.807156562805176,7.651617527008057,8.482837677001953,9.171815872192383,8.185966491699219,7.5701680183410645,9.488588333129883,7.617510795593262,7.81712007522583,7.65584135055542,9.557653427124023,8.36739444732666,8.16904067993164,7.983865261077881,7.715794563293457,8.062490463256836,7.674054145812988,9.430195808410645,8.794927597045898,7.90952730178833,8.140951156616211,8.318294525146484,12.137971878051758,7.809648036956787,8.200016975402832,8.098187446594238,9.910350799560547,7.550827503204346,7.958507061004639,7.648250579833984,7.195205211639404,8.120441436767578,8.424561500549316,6.915066719055176,8.232638359069824,7.520242214202881,8.31230640411377,10.415255546569824,9.395904541015625,8.483506202697754,7.194536209106445,7.190178871154785,9.542757034301758,8.841630935668945,0.0,8.143230438232422,8.571944236755371,8.602629661560059,9.260955810546875,9.536635398864746,8.547274589538574,7.911864757537842,9.364137649536133,7.161660194396973,7.520205020904541,6.530815124511719,9.42444896697998,6.967269420623779,11.090499877929688,8.637763023376465,8.915090560913086,10.001477241516113
"['denver', 'new york city', 'paris']",7.327791690826416,6.560080528259277,7.446263790130615,9.137826919555664,9.280545234680176,7.207484722137451,9.34844970703125,8.999735832214355,7.755340099334717,8.04250431060791,9.670263290405273,8.469466209411621,7.804196834564209,10.120840072631836,7.932697772979736,7.519397735595703,7.688199520111084,9.366559982299805,8.517801284790039,8.266446113586426,7.849212646484375,7.972107410430908,8.234506607055664,8.133283615112305,9.679871559143066,8.763204574584961,8.457881927490234,8.022150039672852,8.652899742126465,12.582626342773438,8.320572853088379,8.554329872131348,8.469779968261719,10.081159591674805,7.581934452056885,8.246308326721191,7.8636369705200195,7.170653820037842,8.379605293273926,8.619325637817383,6.900912284851074,7.8834052085876465,7.18967866897583,8.428359985351562,10.573813438415527,9.487081527709961,8.795515060424805,7.336089611053467,7.3315277099609375,9.371198654174805,9.04317855834961,8.143230438232422,0.0,8.273508071899414,8.559386253356934,8.970380783081055,9.313446998596191,8.457209587097168,8.063713073730469,9.45273494720459,7.278069496154785,7.500357151031494,6.640333652496338,9.567840576171875,7.208984375,11.833351135253906,9.110432624816895,9.360519409179688,10.054818153381348
"['bernese mountain dog', 'husky', 'saint bernard']",7.232397556304932,6.360065460205078,7.435110569000244,9.373522758483887,9.338736534118652,7.434256553649902,9.433636665344238,9.46690845489502,7.702235221862793,8.303009033203125,9.065824508666992,8.128822326660156,7.5628342628479,9.953906059265137,7.766117095947266,7.908575057983398,7.7786946296691895,9.45008373260498,8.549359321594238,7.827132225036621,7.839163780212402,7.745712757110596,8.094765663146973,7.703350067138672,9.944766998291016,8.546494483947754,8.059999465942383,7.769014835357666,8.775469779968262,12.155774116516113,8.035487174987793,8.49304485321045,8.478479385375977,10.0098876953125,7.631780624389648,8.00866413116455,7.700934886932373,7.127583980560303,8.58348560333252,8.59289836883545,6.977819442749023,8.125044822692871,7.355870723724365,8.58789348602295,10.404255867004395,9.738241195678711,8.673685073852539,7.274301528930664,7.396773338317871,9.085481643676758,8.712109565734863,8.571944236755371,8.273508071899414,0.0,8.456421852111816,8.580924034118652,9.414936065673828,8.340901374816895,7.947315216064453,9.43148422241211,7.440366268157959,7.216043949127197,6.432469367980957,9.849836349487305,7.087681770324707,11.741559982299805,9.12042236328125,9.036558151245117,9.980286598205566
"['bagel', 'donut']",7.40665340423584,6.861962795257568,7.688564300537109,9.429793357849121,9.472434043884277,7.413704872131348,9.54073429107666,9.45711612701416,7.801401615142822,8.507412910461426,9.257474899291992,8.490337371826172,7.854243278503418,10.3607759475708,8.290875434875488,7.847190856933594,8.109908103942871,9.697396278381348,9.01138973236084,8.454462051391602,8.109004020690918,8.068187713623047,8.454700469970703,7.987568378448486,9.923318862915039,8.932730674743652,8.42321491241455,8.384252548217773,9.133116722106934,12.383420944213867,8.220467567443848,8.736750602722168,8.557595252990723,10.171392440795898,7.627263069152832,8.478015899658203,7.989109039306641,7.483163833618164,8.542245864868164,8.781309127807617,7.178085803985596,8.153162956237793,7.491704940795898,8.791608810424805,10.615872383117676,9.46727466583252,8.853180885314941,7.4343719482421875,7.58795166015625,9.598718643188477,8.983269691467285,8.602629661560059,8.559386253356934,8.456421852111816,0.0,9.017946243286133,9.64754867553711,8.642861366271973,8.284245491027832,9.388015747070312,7.737671852111816,7.950587749481201,6.858280181884766,9.648150444030762,7.44599723815918,12.182000160217285,9.28542423248291,9.27328109741211,9.866503715515137
"['cheetah', 'elephant', 'giraffe', 'rhino']",7.7151899337768555,7.372549533843994,8.190803527832031,9.731413841247559,9.560235977172852,7.741196155548096,10.113621711730957,9.592592239379883,8.489606857299805,9.096109390258789,10.172102928161621,8.616646766662598,8.305477142333984,10.46291446685791,8.482793807983398,8.549842834472656,8.404462814331055,9.932826042175293,9.000670433044434,8.538146018981934,8.681253433227539,8.77079963684082,8.798937797546387,8.359864234924316,10.249475479125977,9.374801635742188,8.91196060180664,8.417561531066895,9.50081729888916,12.674248695373535,8.40551471710205,8.958632469177246,8.807625770568848,10.471037864685059,8.023292541503906,8.884443283081055,8.499393463134766,7.822780132293701,8.639754295349121,9.089216232299805,7.725395679473877,8.45075511932373,8.051251411437988,8.897162437438965,11.231963157653809,10.160492897033691,9.13868522644043,8.155128479003906,8.126619338989258,10.061344146728516,9.372095108032227,9.260955810546875,8.970380783081055,8.580924034118652,9.017946243286133,0.0,10.013582229614258,8.754822731018066,8.659627914428711,9.512163162231445,8.070799827575684,8.094642639160156,7.160858631134033,10.21134090423584,7.720745086669922,12.118437767028809,9.705265045166016,9.523771286010742,10.34414291381836
"['corgi', 'husky', 'shibu inu']",8.66798210144043,7.927886009216309,8.484505653381348,9.797658920288086,10.411528587341309,8.45102596282959,10.04366397857666,10.147021293640137,9.196033477783203,9.226175308227539,9.963930130004883,9.410964965820312,8.781062126159668,10.710277557373047,8.696324348449707,8.892557144165039,9.026695251464844,10.227277755737305,9.665583610534668,9.357725143432617,8.76567268371582,8.995759963989258,9.128063201904297,9.21331787109375,10.669534683227539,9.98046875,9.409407615661621,9.143030166625977,9.648502349853516,13.242781639099121,9.044145584106445,9.587912559509277,9.484652519226074,11.0386381149292,8.7474946975708,9.107048988342285,8.721237182617188,8.406177520751953,9.346537590026855,9.689663887023926,8.260300636291504,9.109234809875488,8.464266777038574,9.427603721618652,11.895784378051758,10.4548921585083,9.271778106689453,8.527173042297363,8.399391174316406,10.509269714355469,9.980377197265625,9.536635398864746,9.313446998596191,9.414936065673828,9.64754867553711,10.013582229614258,0.0,9.620406150817871,8.892507553100586,10.317154884338379,8.572121620178223,8.871800422668457,7.923252105712891,10.662518501281738,8.414640426635742,12.65762710571289,9.906502723693848,10.033068656921387,10.714808464050293
"['pasta', 'pizza', 'ravioli']",7.4424357414245605,6.5711870193481445,7.412042140960693,9.473982810974121,9.552081108093262,7.317321300506592,10.003730773925781,9.032309532165527,7.877568244934082,8.34900188446045,9.42269229888916,8.606825828552246,7.9728875160217285,10.101985931396484,7.8855366706848145,8.15764331817627,7.739442825317383,9.591347694396973,8.508397102355957,8.193891525268555,8.019848823547363,8.014972686767578,8.440800666809082,7.820119380950928,9.72260856628418,8.84103012084961,8.424469947814941,7.984879970550537,9.017613410949707,12.527830123901367,8.077881813049316,8.600894927978516,8.451109886169434,10.308903694152832,7.5220770835876465,8.305888175964355,8.077021598815918,7.111754894256592,8.528660774230957,8.733094215393066,7.233849048614502,8.028044700622559,7.5545172691345215,8.881450653076172,10.648168563842773,9.832801818847656,8.823884963989258,7.615784645080566,7.319601058959961,9.546186447143555,9.409454345703125,8.547274589538574,8.457209587097168,8.340901374816895,8.642861366271973,8.754822731018066,9.620406150817871,0.0,8.034021377563477,9.39445686340332,7.419066429138184,7.696200847625732,6.778467655181885,9.829352378845215,7.256645202636719,11.781401634216309,8.97603988647461,8.993878364562988,10.061870574951172
"['automobiles', 'planes', 'trains']",6.970669746398926,6.263991832733154,6.989576816558838,8.671229362487793,9.09213924407959,6.8857340812683105,9.1702241897583,8.603791236877441,7.446486949920654,7.983402729034424,8.801528930664062,7.902688503265381,7.2159318923950195,9.764747619628906,7.461023807525635,7.628602981567383,7.383523464202881,9.31755542755127,8.403704643249512,7.653804302215576,7.78054141998291,7.4560465812683105,7.81353235244751,7.3142900466918945,9.485968589782715,8.505287170410156,7.982685565948486,7.751956462860107,8.362346649169922,12.247108459472656,7.731862545013428,8.246116638183594,8.05082893371582,9.765901565551758,7.337094783782959,7.797048568725586,7.424188137054443,6.817495822906494,8.071781158447266,8.060346603393555,6.567851543426514,7.644394874572754,6.986611843109131,8.440094947814941,10.367147445678711,9.398770332336426,8.293901443481445,6.9431376457214355,6.645200252532959,9.01302433013916,8.573583602905273,7.911864757537842,8.063713073730469,7.947315216064453,8.284245491027832,8.659627914428711,8.892507553100586,8.034021377563477,0.0,9.025500297546387,6.972929000854492,7.185550212860107,6.4509806632995605,9.573431968688965,6.753581523895264,11.28903579711914,8.625551223754883,8.81254768371582,9.406493186950684
"['corgi', 'husky', 'samoyed', 'shiba inu']",8.325651168823242,7.762199878692627,8.276928901672363,9.882591247558594,9.908723831176758,8.300562858581543,10.269479751586914,10.082043647766113,9.090668678283691,8.946196556091309,9.776108741760254,9.048942565917969,8.586273193359375,10.895862579345703,8.597627639770508,8.799036979675293,8.774782180786133,10.22851276397705,9.36207389831543,9.021493911743164,8.608697891235352,8.93304443359375,9.111849784851074,8.81552505493164,10.38247013092041,9.928077697753906,8.720101356506348,8.832169532775879,9.682550430297852,12.842869758605957,8.935832023620605,9.359959602355957,9.310404777526855,10.448832511901855,8.353774070739746,9.275830268859863,8.743797302246094,8.457977294921875,9.279335021972656,9.288498878479004,8.229547500610352,8.727912902832031,8.218887329101562,9.49751091003418,11.53690242767334,10.247618675231934,9.397130966186523,8.323412895202637,8.234169006347656,10.399868965148926,9.84164810180664,9.364137649536133,9.45273494720459,9.43148422241211,9.388015747070312,9.512163162231445,10.317154884338379,9.39445686340332,9.025500297546387,0.0,8.62086296081543,8.405818939208984,7.642765522003174,10.801194190979004,8.144728660583496,12.411547660827637,9.975564956665039,9.492632865905762,10.734563827514648
pets,6.292704105377197,5.482969760894775,6.232218265533447,8.099569320678711,8.509523391723633,6.286434173583984,8.587937355041504,8.102771759033203,6.68458366394043,7.268273830413818,8.597267150878906,7.275849342346191,6.631672382354736,9.09952163696289,6.54987907409668,6.9598469734191895,6.609886169433594,8.533851623535156,7.859924793243408,7.067980766296387,6.581997871398926,6.69950532913208,7.26915979385376,6.701343536376953,8.954787254333496,7.834805965423584,6.955279350280762,7.035007476806641,7.96395206451416,11.995247840881348,6.76446008682251,7.665891647338867,7.185262203216553,9.358560562133789,6.6051106452941895,7.186549663543701,6.803574562072754,5.8873209953308105,7.263772010803223,7.733819961547852,5.784648895263672,6.963321685791016,6.32757568359375,7.4548726081848145,10.022440910339355,8.737470626831055,7.446178436279297,6.404823303222656,6.394961833953857,8.764728546142578,7.958920955657959,7.161660194396973,7.278069496154785,7.440366268157959,7.737671852111816,8.070799827575684,8.572121620178223,7.419066429138184,6.972929000854492,8.62086296081543,0.0,6.284069538116455,5.252439022064209,9.025261878967285,6.070315837860107,10.706608772277832,8.05196475982666,8.200214385986328,8.996842384338379
flowers,6.172273635864258,5.4667158126831055,6.483140468597412,8.478113174438477,8.434527397155762,6.305507659912109,8.66125202178955,8.306642532348633,7.112470626831055,7.4241623878479,8.418621063232422,7.111344814300537,6.709095478057861,9.049398422241211,7.079854488372803,7.080810546875,6.994921684265137,8.773079872131348,7.814808368682861,7.160953044891357,6.84450101852417,6.85830020904541,7.175176620483398,7.037453651428223,9.003186225891113,8.31270694732666,7.359631061553955,7.1048054695129395,8.1120023727417,11.702549934387207,7.147991180419922,7.841705322265625,7.5939459800720215,9.252145767211914,6.712400913238525,7.4478912353515625,7.089855194091797,6.182518005371094,7.476607322692871,7.8350749015808105,5.957849025726318,7.0316643714904785,6.387864112854004,7.768630027770996,9.962732315063477,8.963294982910156,7.552986145019531,6.304855823516846,6.451736927032471,8.961654663085938,8.13529109954834,7.520205020904541,7.500357151031494,7.216043949127197,7.950587749481201,8.094642639160156,8.871800422668457,7.696200847625732,7.185550212860107,8.405818939208984,6.284069538116455,0.0,5.613419532775879,9.12488842010498,6.222653388977051,11.374855041503906,8.005050659179688,8.262043952941895,9.148761749267578
caltech101,5.514066219329834,4.133963108062744,5.562036037445068,7.537649631500244,7.92574405670166,5.217129230499268,8.032621383666992,7.457870960235596,5.859956741333008,6.342179298400879,7.8320817947387695,6.630957126617432,5.784875869750977,8.438812255859375,5.810773849487305,5.960517406463623,5.892903804779053,7.8290557861328125,6.828700542449951,6.3013200759887695,5.945817470550537,5.975098609924316,6.369462966918945,5.941187381744385,8.266268730163574,7.313950538635254,6.636406898498535,6.473348140716553,7.020839214324951,11.406627655029297,6.132965087890625,6.922919273376465,6.6457672119140625,8.601923942565918,5.426790237426758,6.416758060455322,6.1576619148254395,5.102815628051758,6.459640026092529,6.913397789001465,5.023340702056885,6.164581298828125,5.245064735412598,6.864487648010254,9.364110946655273,8.115580558776855,6.911214351654053,5.475342273712158,5.34950590133667,8.054486274719238,7.289272308349609,6.530815124511719,6.640333652496338,6.432469367980957,6.858280181884766,7.160858631134033,7.923252105712891,6.778467655181885,6.4509806632995605,7.642765522003174,5.252439022064209,5.613419532775879,0.0,8.447310447692871,5.06048583984375,10.473410606384277,7.345073699951172,7.318318843841553,8.636363983154297
kitti,8.6575288772583,8.229416847229004,8.931312561035156,10.383528709411621,10.751798629760742,8.868351936340332,10.401535034179688,10.214548110961914,9.12686824798584,9.882696151733398,10.543097496032715,9.762580871582031,9.35112190246582,11.137496948242188,9.247845649719238,9.510321617126465,9.136506080627441,10.623420715332031,10.004512786865234,9.913433074951172,9.225895881652832,9.377118110656738,9.47128677368164,9.043620109558105,10.823768615722656,10.12436580657959,9.973050117492676,9.756674766540527,10.114307403564453,13.464397430419922,9.721442222595215,9.748455047607422,10.007081031799316,11.399067878723145,9.148350715637207,9.26562213897705,9.4808988571167,8.827309608459473,9.87622356414795,9.727685928344727,8.685070991516113,9.326295852661133,9.214181900024414,10.000326156616211,11.862608909606934,10.937135696411133,9.906672477722168,8.973320960998535,8.570258140563965,10.605591773986816,10.0006742477417,9.42444896697998,9.567840576171875,9.849836349487305,9.648150444030762,10.21134090423584,10.662518501281738,9.829352378845215,9.573431968688965,10.801194190979004,9.025261878967285,9.12488842010498,8.447310447692871,0.0,8.95688533782959,12.32943058013916,10.222095489501953,10.288329124450684,11.182870864868164
dtd,5.98570442199707,4.989237308502197,6.028748512268066,8.013466835021973,8.171603202819824,5.971393585205078,8.459137916564941,8.188785552978516,6.418052673339844,6.926835060119629,8.215275764465332,6.959179878234863,6.254119396209717,8.900914192199707,6.589831352233887,6.785751819610596,6.565705299377441,7.9442877769470215,7.389636039733887,6.973657131195068,6.41685152053833,6.512273788452148,7.148460388183594,6.343077182769775,8.904285430908203,7.856452465057373,6.919644832611084,6.885619163513184,7.702616214752197,11.421826362609863,6.506338596343994,7.163001537322998,7.325427532196045,8.995782852172852,6.081905841827393,7.107702255249023,6.617425441741943,5.788726329803467,7.185937404632568,7.342625141143799,5.578602313995361,6.588668346405029,5.941317558288574,7.221872329711914,9.651999473571777,8.518518447875977,7.463814735412598,5.9757080078125,6.0845465660095215,8.453380584716797,7.8191046714782715,6.967269420623779,7.208984375,7.087681770324707,7.44599723815918,7.720745086669922,8.414640426635742,7.256645202636719,6.753581523895264,8.144728660583496,6.070315837860107,6.222653388977051,5.06048583984375,8.95688533782959,0.0,10.878645896911621,7.945996284484863,7.861979961395264,9.160131454467773
diabetic_retinopathy_detection,11.341531753540039,10.525275230407715,10.909740447998047,12.151907920837402,12.488424301147461,11.024245262145996,12.552070617675781,12.116281509399414,11.514103889465332,11.54762077331543,12.19045639038086,11.491085052490234,11.141310691833496,12.431292533874512,11.153576850891113,11.3660888671875,11.295660018920898,12.289613723754883,11.719659805297852,11.391485214233398,11.195425033569336,11.171089172363281,11.499526023864746,11.416986465454102,12.821484565734863,11.942560195922852,11.389213562011719,11.650300979614258,11.735252380371094,14.515704154968262,11.164372444152832,12.21101188659668,11.383451461791992,12.724167823791504,11.194814682006836,11.201020240783691,11.293627738952637,10.824250221252441,11.261180877685547,11.369779586791992,10.628423690795898,11.487672805786133,10.785635948181152,11.847774505615234,13.413763046264648,12.797529220581055,11.616406440734863,10.860173225402832,10.865443229675293,12.411005020141602,12.044977188110352,11.090499877929688,11.833351135253906,11.741559982299805,12.182000160217285,12.118437767028809,12.65762710571289,11.781401634216309,11.28903579711914,12.411547660827637,10.706608772277832,11.374855041503906,10.473410606384277,12.32943058013916,10.878645896911621,0.0,12.11340618133545,12.317853927612305,12.85372543334961
smallnorb_label_elevation,8.030536651611328,7.26711368560791,7.887986183166504,9.839922904968262,9.739178657531738,7.920342922210693,9.67332649230957,9.572247505187988,8.590011596679688,8.792268753051758,9.904083251953125,8.782977104187012,8.34371280670166,10.384735107421875,8.102523803710938,8.190143585205078,8.370817184448242,10.012182235717773,9.158881187438965,8.78005313873291,8.270854949951172,8.401623725891113,8.387986183166504,8.359613418579102,9.951333999633789,9.441595077514648,8.855509757995605,8.494926452636719,9.175471305847168,13.063182830810547,8.49023151397705,9.208256721496582,9.202921867370605,10.43297290802002,8.162063598632812,8.740360260009766,8.232501029968262,7.770764350891113,8.781172752380371,8.968172073364258,7.562067985534668,8.542825698852539,8.094117164611816,9.006396293640137,10.934554100036621,9.924490928649902,9.108642578125,7.928091049194336,8.120272636413574,9.8447904586792,9.854269981384277,8.637763023376465,9.110432624816895,9.12042236328125,9.28542423248291,9.705265045166016,9.906502723693848,8.97603988647461,8.625551223754883,9.975564956665039,8.05196475982666,8.005050659179688,7.345073699951172,10.222095489501953,7.945996284484863,12.11340618133545,0.0,9.118823051452637,10.46868896484375
smallnorb_label_azimuth,8.059284210205078,7.391496658325195,8.066326141357422,9.925997734069824,9.941166877746582,8.088586807250977,10.07882308959961,9.950210571289062,8.654623031616211,8.585756301879883,10.069350242614746,8.929333686828613,8.268389701843262,10.13766860961914,8.482194900512695,8.524813652038574,8.4047212600708,9.977849960327148,9.373844146728516,8.821990966796875,8.457174301147461,8.720839500427246,8.831857681274414,8.548009872436523,10.20885944366455,9.583840370178223,9.106452941894531,8.681968688964844,9.383443832397461,12.946419715881348,9.033477783203125,9.093758583068848,9.056760787963867,10.927712440490723,8.115416526794434,8.94848346710205,8.57717514038086,8.01126480102539,8.847070693969727,9.044351577758789,7.739304542541504,8.429031372070312,8.28873062133789,9.121522903442383,11.187496185302734,9.958406448364258,9.021661758422852,8.28521728515625,8.087021827697754,9.705709457397461,9.416768074035645,8.915090560913086,9.360519409179688,9.036558151245117,9.27328109741211,9.523771286010742,10.033068656921387,8.993878364562988,8.81254768371582,9.492632865905762,8.200214385986328,8.262043952941895,7.318318843841553,10.288329124450684,7.861979961395264,12.317853927612305,9.118823051452637,0.0,10.29301643371582
svhn,8.985184669494629,8.425853729248047,9.187287330627441,10.833854675292969,10.953125,9.20256233215332,11.117488861083984,10.49354362487793,9.574267387390137,9.846210479736328,10.468066215515137,10.024205207824707,9.271162986755371,11.399041175842285,9.52206039428711,9.630196571350098,9.792451858520508,11.092758178710938,10.297460556030273,9.307522773742676,9.609777450561523,9.732151985168457,9.882214546203613,9.588486671447754,11.374533653259277,10.203269958496094,10.15081787109375,9.538837432861328,10.209172248840332,13.682804107666016,9.843175888061523,10.11406421661377,9.74769401550293,11.008367538452148,9.219463348388672,9.792156219482422,9.459044456481934,9.091265678405762,9.630537033081055,10.314780235290527,8.675633430480957,9.764825820922852,8.930542945861816,10.197199821472168,11.936116218566895,10.919432640075684,10.102743148803711,9.285724639892578,9.418380737304688,10.682663917541504,10.40710735321045,10.001477241516113,10.054818153381348,9.980286598205566,9.866503715515137,10.34414291381836,10.714808464050293,10.061870574951172,9.406493186950684,10.734563827514648,8.996842384338379,9.148761749267578,8.636363983154297,11.182870864868164,9.160131454467773,12.85372543334961,10.46868896484375,10.29301643371582,0.0
